name,rank,frequency
Michael,1,3476721
John,2,3125123
James,3,2996421
David,4,2813017
Robert,5,2759339
William,6,2240114
Mary,7,1768343
Maria,8,1652966
Daniel,9,1607193
Joseph,10,1600667
Richard,11,1575998
Thomas,12,1506606
Christopher,13,1499872
Jennifer,14,1331077
Matthew,15,1315151
Jose,16,1211106
Charles,17,1207972
Elizabeth,18,1206652
Patricia,19,1189825
Linda,20,1164876
Mark,21,1135541
Andrew,22,1075513
Anthony,23,1075181
Kevin,24,1015227
Brian,25,1011020
Susan,26,979771
Steven,27,972808
Jessica,28,957447
Barbara,29,943006
Joshua,30,939718
Paul,31,907225
Jason,32,898652
Karen,33,882576
Ryan,34,874269
Sarah,35,874128
Lisa,36,864260
Jacob,37,805730
Timothy,38,802946
Sandra,39,780828
Nancy,40,772570
Eric,41,767096
Michelle,42,757098
Kenneth,43,755679
Emily,44,755529
Ashley,45,752330
Jeffrey,46,735428
Jonathan,47,717208
Donald,48,715624
Nicholas,49,711305
Amanda,50,698989
Kimberly,51,696165
Ronald,52,689843
Laura,53,679856
Melissa,54,675224
Justin,55,668566
Stephen,56,665596
Stephanie,57,657760
Gary,58,656593
Scott,59,655952
Juan,60,655696
Rebecca,61,645350
Brandon,62,642620
Donna,63,635065
George,64,631924
Amy,65,625127
Deborah,66,622217
Edward,67,616122
Carol,68,614466
Benjamin,69,606324
Angela,70,600162
Cynthia,71,597780
Sharon,72,583755
Samuel,73,566085
Alexander,74,556757
Patrick,75,551884
Margaret,76,549715
Kathleen,77,547321
Nicole,78,544076
Tyler,79,541525
Brenda,80,521400
Samantha,81,517508
Anna,82,512954
Larry,83,512456
Gregory,84,503949
Kelly,85,499222
Emma,86,498221
Adam,87,496300
Pamela,88,495991
Aaron,89,494237
Rachel,90,493726
Luis,91,489968
Christine,92,482596
Nathan,93,481621
Heather,94,473464
Carlos,95,473046
Katherine,96,470588
Julie,97,467484
Debra,98,465857
Peter,99,464396
Victoria,100,452646
Jordan,101,452330
Olivia,102,449373
Lauren,103,449365
Dennis,104,448312
Kyle,105,436151
Zachary,106,435262
Andrea,107,429407
Janet,108,429159
Christina,109,423584
Diane,110,422752
Christian,111,415787
Jack,112,415678
Catherine,113,410557
Megan,114,409941
Frank,115,407086
Ethan,116,403009
Hannah,117,402723
Teresa,118,402455
Taylor,119,389216
Sara,120,384257
Carolyn,121,384056
Douglas,122,383164
Betty,123,382966
Sean,124,377127
Terry,125,376955
Judith,126,376697
Alex,127,373467
Jeremy,128,372715
Noah,129,372421
Cheryl,130,372341
Diana,131,369707
Jerry,132,369611
Martha,133,368239
Chris,134,366260
Raymond,135,364286
Austin,136,362154
Madison,137,360351
Shirley,138,360153
Alexis,139,358350
Jane,140,356607
Henry,141,354666
Julia,142,349781
Angel,143,348575
Gabriel,144,347542
Dylan,145,343919
Abigail,146,342490
Logan,147,341575
Victor,148,337308
Gloria,149,331522
Jesus,150,331353
Jacqueline,151,331316
Danielle,152,329075
Keith,153,328988
Sophia,154,327891
Denise,155,327824
Bryan,156,327372
Joyce,157,324179
Natalie,158,324013
Amber,159,322911
Grace,160,322614
Ana,161,321854
Kathryn,162,316032
Jamie,163,312010
Isabella,164,309067
Joan,165,306627
Dorothy,166,304932
Kayla,167,303207
Brittany,168,302717
Janice,169,302296
Erin,170,301437
Shannon,171,300975
Lori,172,299419
Miguel,173,296001
Roger,174,294726
Jesse,175,293709
Evelyn,176,293621
Tiffany,177,293280
Ann,178,293049
Leslie,179,290492
Antonio,180,289178
Kathy,181,288053
Virginia,182,286258
Ruth,183,285959
Alan,184,284872
Robin,185,284371
Jorge,186,282866
Judy,187,281131
Allison,188,280746
Cameron,189,280514
Helen,190,280357
Shawn,191,279685
Theresa,192,278873
Tammy,193,277310
Joe,194,275876
Alyssa,195,274552
Crystal,196,274101
Martin,197,271877
Jean,198,270231
Mason,199,269852
Tracy,200,268037
Bruce,201,267817
Luke,202,267180
Monica,203,264966
Marie,204,264225
Caleb,205,264107
Steve,206,262435
Gerald,207,258431
Wendy,208,257751
Ava,209,257513
Paula,210,256421
Joel,211,256017
Charlotte,212,254532
Rosa,213,254275
Evan,214,254255
Tina,215,253384
Elijah,216,252751
Dawn,217,252273
Randy,218,250619
Beverly,219,249640
Lucas,220,249246
Marilyn,221,248652
Cody,222,248588
Travis,223,248557
Kim,224,246384
Courtney,225,246235
Francisco,226,246232
Walter,227,244847
Craig,228,244493
Carl,229,243430
Alicia,230,242747
Isaac,231,242217
Adrian,232,241093
Manuel,233,240816
Lawrence,234,240687
Cindy,235,240226
Jackson,236,239893
Vanessa,237,239196
Todd,238,238713
Carmen,239,237758
Bradley,240,237481
Vincent,241,237080
Morgan,242,235724
Veronica,243,234659
Hunter,244,230193
Alexandra,245,229437
Mike,246,228046
Valerie,247,226036
Melanie,248,225738
Alice,249,225222
Philip,250,223037
Ian,251,222811
Anne,252,221693
Brianna,253,221271
Mia,254,219780
Bonnie,255,219134
Jasmine,256,218324
Liam,257,218131
Phillip,258,216746
Erica,259,215652
Katie,260,215039
Mario,261,213074
Wayne,262,213032
Oscar,263,212946
Dana,264,210579
Chad,265,209144
Connie,266,209013
Jeff,267,208615
Connor,268,208374
April,269,206083
Arthur,270,205844
Russell,271,202735
Sheila,272,202159
Frances,273,201693
Derek,274,201259
Leah,275,200964
Chloe,276,200400
Michele,277,199114
Kristen,278,199107
Caroline,279,199035
Audrey,280,198826
Norma,281,197653
Danny,282,197114
Rose,283,196309
Jayden,284,195732
Jill,285,194537
Julian,286,193591
Aiden,287,193526
Lynn,288,193296
Albert,289,192229
Tony,290,191115
Riley,291,191103
Nathaniel,292,189977
Ricardo,293,189959
Claudia,294,189171
Suzanne,295,188910
Dale,296,188893
Sherry,297,187596
Harold,298,186450
Ella,299,185535
Rita,300,184218
Marcus,301,184054
Peggy,302,183679
Louis,303,183365
Johnny,304,183104
Holly,305,182754
Lillian,306,182256
Joanne,307,181755
Jared,308,180306
Alejandro,309,180051
Brooke,310,178439
Amelia,311,176472
Owen,312,176419
Elaine,313,176185
Roy,314,176166
Isaiah,315,175788
Avery,316,175333
Pedro,317,175194
Doris,318,174013
Blake,319,173524
Billy,320,173433
Rhonda,321,173379
Ellen,322,173112
Jimmy,323,173056
Roberto,324,172377
Rodney,325,172298
Dustin,326,171388
Wanda,327,171034
Sydney,328,169164
Gavin,329,168745
Hector,330,168413
Shane,331,167539
Allen,332,166924
Phyllis,333,165949
Casey,334,165300
Gail,335,165125
Lee,336,164578
Renee,337,164460
Anita,338,164324
Jay,339,164097
Claire,340,163948
Bobby,341,163860
Kristin,342,163325
Troy,343,162599
Ralph,344,162513
Stacy,345,162109
Eva,346,161325
Jon,347,161311
Edwin,348,160734
Carter,349,160407
Curtis,350,159667
Javier,351,158810
Tara,352,158365
Jaime,353,158232
Carrie,354,157744
Jeremiah,355,157203
Chase,356,157104
Corey,357,156599
Willie,358,156156
Sebastian,359,156144
Lily,360,155678
Randall,361,155628
Wesley,362,155434
Molly,363,153463
Sylvia,364,152900
Eduardo,365,152636
Jeffery,366,152231
Wyatt,367,152059
Fernando,368,151654
Sofia,368,151654
Landon,370,151003
Savannah,371,149937
Joann,372,149035
Rafael,373,148942
Kaitlyn,374,148542
Lindsey,375,147985
Hailey,376,147731
Erika,377,147434
Gina,378,147074
Oliver,379,146493
Cathy,380,146470
Ricky,381,146356
Darlene,382,145944
Glenn,383,145760
Trevor,384,145694
Dominic,385,145027
Devin,386,144827
Carla,387,144782
Haley,388,144722
Debbie,389,144402
Laurie,390,144345
Seth,391,144312
Tim,392,143982
Madeline,393,143899
Irene,394,143800
Chelsea,395,143411
Eugene,396,143351
Brett,397,142080
Cassandra,398,141760
Stacey,399,141480
Theodore,400,141175
Jenna,401,140773
Ruby,402,140132
Lydia,403,139560
Sally,404,139332
Regina,405,139152
Frederick,406,138927
Kelsey,407,138745
Harry,408,138544
Francis,409,138493
Erik,410,137631
Heidi,411,137519
Colleen,412,137514
Ivan,413,137218
Levi,414,136747
Shelby,415,136597
Barry,416,136560
Beth,417,136269
Stanley,418,135819
Yolanda,419,135779
Marvin,420,135343
Howard,421,134907
Cole,422,134580
Max,423,133914
Paige,424,133478
Sergio,425,133220
Jake,426,132610
Dean,427,132116
Edgar,428,132092
Lois,429,131667
Raul,430,131547
Greg,431,131523
Esther,432,131090
Lucy,433,130370
Diego,434,129961
Isabel,435,129711
Vivian,436,129224
Fred,437,129142
Addison,438,128866
Tamara,439,128711
Jackie,440,128298
Guadalupe,441,128245
Dan,442,127523
Annette,443,126912
Omar,444,126840
Adriana,445,126691
Ruben,446,126201
Zoe,447,125886
Josh,448,125623
Maureen,449,125608
Marc,450,125342
Sabrina,451,125167
Mackenzie,452,125027
Vicki,453,124993
Leonard,454,124979
Julio,455,124934
Calvin,456,124765
Kristina,457,124534
Mitchell,458,124130
Josephine,459,123986
Colin,460,123025
Eli,461,122713
Lindsay,462,122638
Sam,463,121443
Terri,464,121174
Cesar,465,121106
Parker,466,120174
Eleanor,467,120071
Eileen,468,119999
Aubrey,469,119928
Faith,470,119725
Xavier,471,119289
Destiny,472,119198
Nora,473,119144
Brent,474,119140
Melinda,475,118796
Gabrielle,476,118795
Hayden,477,118666
Leo,478,118356
Tom,479,118350
Yvonne,480,118154
Katelyn,481,117578
Joy,482,117520
Angelica,483,117165
Colton,484,117141
Garrett,485,116551
Alexa,486,115935
Annie,487,115909
Kaylee,488,115422
Nick,489,115412
Andres,490,115081
Elena,491,114540
Ernest,492,114307
Ramon,493,114143
Sonia,494,113726
Peyton,495,113474
Cory,496,113340
Marcia,497,113325
Naomi,498,113178
Karla,499,113141
Gabriela,500,112854
Rosemary,501,112645
Deanna,502,112509
Jenny,503,111784
Marissa,504,111567
Melvin,505,111421
Bailey,506,111403
Alison,507,111220
Autumn,508,110887
Derrick,509,110568
Matt,510,110480
Carson,511,110436
Andre,512,110181
Don,513,109818
Gabriella,514,109553
Tristan,515,109402
Eddie,516,109400
Cecilia,517,109389
Norman,518,109382
Clara,519,109248
Grant,520,109200
Brayden,521,109062
Aidan,522,108843
Bryce,523,107825
Miriam,524,107719
Ray,525,107593
Ben,526,107539
Lorraine,526,107539
Marco,528,106978
Marlene,529,106957
Spencer,530,106323
Tanya,531,105773
Ronnie,532,105401
Charlie,533,104901
Joanna,534,104730
Dolores,535,104660
Jeanne,536,104565
Jessie,537,104536
Roberta,538,104467
Maryann,539,104050
Kylie,540,103241
Darrell,541,103236
Maya,542,103000
Dakota,543,102684
Caitlin,544,102632
Armando,545,102571
Alma,546,102369
Tommy,547,101695
Olga,548,101653
Tonya,549,100565
Miranda,550,99796
Sue,551,99611
Nicolas,552,99604
Jim,553,99345
Brad,554,99078
Juanita,555,98833
Jeanette,556,98707
Angelina,557,98695
Jocelyn,558,98533
Rick,559,98277
Micah,560,97933
Marjorie,561,97802
Charlene,562,97330
Nina,563,96875
Alberto,564,96609
Brooklyn,565,96523
Louise,566,96368
Ariana,567,95572
Josiah,568,95175
Nolan,569,94520
Margarita,570,93539
Kara,571,93447
Stella,572,93368
Edith,573,92920
Jerome,574,92865
June,575,92671
Earl,576,92567
Brandy,577,92449
Geraldine,578,92416
Harper,579,92376
Alfred,580,92300
Christy,581,91660
Andy,582,91633
Loretta,583,91196
Blanca,584,91179
Clayton,585,91105
Luz,586,90901
Mariah,587,90630
Daisy,588,90387
Katrina,589,90135
Enrique,590,90043
Alfredo,591,89731
Constance,592,89619
Meghan,593,89553
Bethany,594,89509
Natasha,595,89482
Glenda,596,89345
Juana,597,88951
Whitney,598,88892
Cooper,599,88776
Natalia,600,88111
Elias,601,88033
Emmanuel,602,87988
Priscilla,603,87905
Darren,604,87892
Preston,605,87761
Makayla,606,87622
Warren,607,87424
Ariel,608,87270
Tanner,609,86959
Kate,610,86820
Melody,611,86671
Lance,612,86540
Marsha,613,86245
Sophie,614,86141
Grayson,615,86122
Sierra,616,85582
Brendan,617,85406
Arlene,618,85381
Gerardo,619,85111
Layla,620,84915
Brady,621,84835
Brandi,622,84737
Kendra,623,84524
Micheal,624,84520
Irma,625,84440
Arturo,626,84408
Vickie,627,84330
Alexandria,628,84197
Abraham,629,84024
Jade,630,83708
Kerry,631,83556
Rene,632,83545
Tracey,633,83398
Maxwell,634,83285
Leticia,635,83202
Mildred,636,83139
Jaden,637,83104
Kendall,638,83086
Clarence,639,82717
Leonardo,640,82530
Bernard,641,82518
Ashton,642,82425
Madelyn,643,82365
Gladys,644,81883
Jan,645,81839
Penny,646,81497
Cristina,647,81417
Bridget,648,81356
Zoey,649,81220
Neil,650,81118
Toni,651,81026
Leon,652,80997
Carole,653,80915
Santiago,654,80841
Iris,655,80798
Silvia,656,80787
Pablo,657,80699
Arianna,658,80594
Felix,659,80554
Hazel,660,80463
Salvador,661,80151
Drew,662,80031
Briana,663,79981
Dianne,664,79711
Roman,665,79669
Marion,666,79603
Daniela,667,78946
Clifford,668,78907
Devon,669,78789
Jillian,670,78761
Karina,671,78579
Damian,672,78536
Alejandra,673,78499
Gordon,674,78487
Erick,675,78395
Nelson,676,78256
Felicia,677,78101
Johnathan,678,78090
Franklin,679,78051
Bill,680,77823
Miles,681,77427
Skylar,682,77387
Kennedy,683,77115
Kay,684,77013
Kristine,685,76927
Georgia,686,76256
Jaxon,687,76200
Hope,688,75724
Sandy,689,75709
Shelly,690,75244
Sadie,691,75243
Rachael,692,75096
Kurt,693,74867
Gwendolyn,694,74571
Liliana,695,74435
Isabelle,696,74125
Ron,697,74027
Gustavo,698,73690
Candace,699,73527
Karl,700,73518
Alvin,701,72962
Glen,702,72858
Marina,703,72807
Collin,704,72614
Maggie,705,72613
Jody,706,72569
Camila,707,72537
Violet,708,72518
Abby,709,72431
Bianca,710,72256
Israel,711,72115
Duane,712,71865
Payton,713,71786
Mathew,714,71761
Jodi,715,71748
Lucia,716,71628
Herbert,717,71489
Maurice,718,71289
Monique,719,71263
Marcos,720,71178
Angie,721,70858
Sherri,722,70746
Summer,723,70693
Ellie,724,70661
Pauline,725,70447
Misty,726,70424
Trinity,727,70213
Desiree,728,69937
Sheryl,729,69911
Allan,730,69671
Raquel,731,69611
Kristi,732,69585
Ken,733,69582
Brittney,734,69444
Ali,735,69302
Carolina,736,69296
Aaliyah,737,69241
Meredith,738,69215
Edna,739,68962
Reginald,740,68879
Dalton,741,68878
Gilbert,742,68862
Cristian,743,68806
Simon,744,68780
Kaleb,745,68291
Becky,746,68256
Ernesto,747,68243
Breanna,748,68070
Dave,749,67929
Leroy,750,67707
Harrison,751,67132
Brody,752,67093
Aurora,753,66923
Krista,754,66762
Bella,755,66739
Kelli,756,66659
Lorenzo,757,66587
Quinn,758,66536
Giovanni,759,66480
Rebekah,760,66474
Lincoln,761,66384
Juliana,762,65978
Penelope,763,65806
Mayra,764,65662
Ayden,765,65628
Darryl,766,65344
Hudson,767,65102
Jace,768,64943
Scarlett,769,64822
Lynda,770,64728
Gene,771,64474
Bertha,772,64455
Shaun,773,64418
Shelley,774,64253
Gianna,775,64221
Abel,776,63705
Valeria,777,63605
Jonah,778,63551
Kristy,779,63534
Lewis,780,63422
Lloyd,781,63231
Mateo,782,63143
Mercedes,783,62850
Genesis,784,62795
Krystal,785,62788
Ramona,786,62766
Dominique,787,62492
Belinda,788,62433
Carly,789,62430
Camille,790,62246
Florence,791,62185
Patsy,792,62123
Lorena,793,61919
Guillermo,794,61844
Noel,795,61698
Dora,796,61606
Marian,797,61582
Asher,798,61307
Elise,799,61120
Jacquelyn,800,60916
Delores,801,60887
Josue,802,60561
Nevaeh,803,60298
Candice,804,59920
Cheyenne,805,59831
Caden,806,59387
Ross,807,59341
Hugo,808,59062
Cora,809,58912
Lucille,810,58884
Reagan,811,58855
Bryson,812,58590
Felipe,813,58515
Kaden,814,58483
Beatrice,815,58355
Everett,816,58340
Robyn,817,58115
Jo,818,57903
Byron,819,57834
Dillon,820,57539
Marshall,821,57529
Jada,822,57490
Joey,823,57447
Marianne,824,57194
Orlando,825,57035
Mckenzie,826,56889
Sonya,827,56885
Vernon,828,56780
Adrienne,829,56597
Gracie,830,56345
Sawyer,831,56257
Mariana,832,56200
Skyler,833,56083
Nadia,834,56039
Vera,835,55795
Dwayne,836,55729
Billie,837,55679
Cassidy,838,55593
Angelo,839,55360
Kirk,840,55261
Nichole,841,55220
Kari,842,55005
Clinton,843,54834
Hilda,844,54736
Bobbie,845,54717
Lilly,846,54556
Lynne,847,54525
Alana,848,54144
Guy,849,54143
Kent,850,54012
Marta,851,53965
Sidney,852,53874
Thelma,853,53801
Dallas,854,53582
Yvette,855,53499
Aria,856,53360
Gage,857,53248
Kai,858,53204
Rylee,859,53194
Ezra,860,52906
Fatima,861,52703
Easton,862,52590
Jonathon,863,52576
Roxanne,864,52496
Jordyn,865,52485
Sheri,866,52459
Elisa,867,52348
Mallory,868,52306
Stuart,869,52140
Milton,870,51890
Saul,871,51866
Maribel,872,51831
Mohammad,873,51757
Roland,874,51667
Kenny,875,51666
Gayle,876,51625
Terrence,877,51590
Kayden,878,51575
Kaitlin,879,51533
Lonnie,880,51396
Ismael,881,51341
Conner,882,51296
Lena,883,51228
Genevieve,884,51136
Celeste,885,51111
Bob,886,51102
Terrance,887,51100
Rosemarie,888,51041
Mya,889,51028
Daryl,890,50922
Rodolfo,891,50870
Esmeralda,892,50748
Wade,893,50704
Tyrone,894,50642
Kirsten,895,50529
Doug,896,50315
Tabitha,897,50189
Elsa,898,50134
Ivy,899,50093
Damon,900,50023
Beatriz,901,49937
Vicky,902,49818
Donovan,903,49795
Yesenia,904,49764
Johanna,905,49738
Celia,906,49709
Alisha,907,49566
Colby,908,49553
Marisol,909,49544
Valentina,910,49540
Alec,911,49538
Damien,912,49449
Alfonso,913,49412
Wilma,914,49398
Aimee,915,49383
Dwight,916,49320
Ted,917,49170
Janelle,918,48979
Reese,919,48829
Harvey,920,48796
Marisa,921,48703
Mikayla,922,48659
Lana,923,48612
Floyd,924,48533
Michaela,925,48489
Antonia,926,48453
Cara,927,48443
Caitlyn,928,48237
Bernice,929,48083
Mohammed,930,48042
Serenity,931,47964
Trent,932,47904
Annabelle,933,47696
Clyde,934,47655
Emilia,935,47586
Lester,936,47571
Mila,937,47530
Dianna,938,47528
Johnnie,939,47521
Arnold,940,47513
Tessa,941,47455
Ty,942,47425
Jimmie,943,47100
Camden,944,47078
Tatiana,945,47073
Hayley,946,47063
Piper,947,46877
Perry,948,46765
Susana,949,46458
Lourdes,950,46439
Josie,951,46382
Trenton,952,46322
Emilio,953,46295
Mohamed,954,46254
Antoinette,955,46137
Braxton,956,46070
Lacey,957,46058
Traci,958,46048
Allyson,959,45707
Elliot,960,45706
Josefina,961,45594
Kristopher,962,45559
Hanna,963,45248
Elisabeth,964,45239
Geoffrey,965,45230
Kelley,966,45163
Weston,967,45042
Ryder,968,44966
Graham,969,44924
Anastasia,970,44877
Will,971,44843
Gretchen,972,44623
Kellie,973,44582
Jaxson,974,44556
Pam,975,44546
Bernadette,976,44253
Ingrid,977,44143
Zane,978,44095
Rogelio,979,44072
Harley,980,43968
Elliott,981,43870
Kiara,982,43748
Rodrigo,983,43705
Braden,984,43698
Elsie,985,43606
Callie,986,43600
Tomas,987,43589
Dominick,988,43551
Nikki,989,43487
Emerson,990,43461
Kelvin,991,43448
Jaclyn,992,43408
Selena,993,43320
Son,994,43275
Patty,995,43235
Maxine,996,43204
Lila,997,43201
Chance,998,43138
Jana,999,43056
Zach,1000,43052
